{
    "eye_centre": [
        [
            28.819913252963644
        ],
        [
            72.39882436794385
        ],
        [
            3333.3333333333335
        ]
    ],
    "aver_eye_radius": 18.80353591583051
}